Codigo Viaje;Codigo Vehiculo;Fecha de inicio;Distancia;Consumo;Duracion
SYNTHETIC_HISTORY_001;SYNTHETIC_VEHICLE_001;2024-01-01 12:00:00;2000;800;240
SYNTHETIC_HISTORY_002;SYNTHETIC_VEHICLE_001;2024-01-02 12:00:00;2000;900;300
SYNTHETIC_HISTORY_003;SYNTHETIC_VEHICLE_001;2024-01-03 12:00:00;2000;1000;360
SYNTHETIC_HISTORY_004;SYNTHETIC_VEHICLE_001;2024-01-04 12:00:00;2000;1100;420
SYNTHETIC_HISTORY_005;SYNTHETIC_VEHICLE_001;2024-01-05 12:00:00;2000;1200;480
SYNTHETIC_HISTORY_006;SYNTHETIC_VEHICLE_001;2024-01-06 12:00:00;2000;800;240
SYNTHETIC_HISTORY_007;SYNTHETIC_VEHICLE_001;2024-01-07 12:00:00;2000;900;300
SYNTHETIC_HISTORY_008;SYNTHETIC_VEHICLE_001;2024-01-08 12:00:00;2000;1000;360
SYNTHETIC_HISTORY_009;SYNTHETIC_VEHICLE_001;2024-01-09 12:00:00;2000;1100;420
SYNTHETIC_HISTORY_010;SYNTHETIC_VEHICLE_001;2024-01-10 12:00:00;2000;1200;480
SYNTHETIC_HISTORY_011;SYNTHETIC_VEHICLE_001;2024-01-11 12:00:00;2000;800;240
SYNTHETIC_HISTORY_012;SYNTHETIC_VEHICLE_001;2024-01-12 12:00:00;2000;900;300
SYNTHETIC_HISTORY_013;SYNTHETIC_VEHICLE_001;2024-01-13 12:00:00;2000;1000;360
SYNTHETIC_HISTORY_014;SYNTHETIC_VEHICLE_001;2024-01-14 12:00:00;2000;1100;420
SYNTHETIC_HISTORY_015;SYNTHETIC_VEHICLE_001;2024-01-15 12:00:00;2000;1200;480
SYNTHETIC_HISTORY_016;SYNTHETIC_VEHICLE_001;2024-01-16 12:00:00;2000;800;240
SYNTHETIC_HISTORY_017;SYNTHETIC_VEHICLE_001;2024-01-17 12:00:00;2000;900;300
SYNTHETIC_HISTORY_018;SYNTHETIC_VEHICLE_001;2024-01-18 12:00:00;2000;1000;360
SYNTHETIC_HISTORY_019;SYNTHETIC_VEHICLE_001;2024-01-19 12:00:00;2000;1100;420
SYNTHETIC_HISTORY_020;SYNTHETIC_VEHICLE_001;2024-01-20 12:00:00;2000;1200;480
SYNTHETIC_HISTORY_021;SYNTHETIC_VEHICLE_001;2024-01-21 12:00:00;2000;800;240
SYNTHETIC_HISTORY_022;SYNTHETIC_VEHICLE_001;2024-01-22 12:00:00;2000;900;300
SYNTHETIC_HISTORY_023;SYNTHETIC_VEHICLE_001;2024-01-23 12:00:00;2000;1000;360
SYNTHETIC_HISTORY_024;SYNTHETIC_VEHICLE_001;2024-01-24 12:00:00;2000;1100;420
SYNTHETIC_HISTORY_025;SYNTHETIC_VEHICLE_001;2024-01-25 12:00:00;2000;1200;480
SYNTHETIC_HISTORY_026;SYNTHETIC_VEHICLE_001;2024-01-01 12:00:00;2000;800;240
SYNTHETIC_HISTORY_027;SYNTHETIC_VEHICLE_001;2024-01-02 12:00:00;2000;900;300
SYNTHETIC_HISTORY_028;SYNTHETIC_VEHICLE_001;2024-01-03 12:00:00;2000;1000;360
SYNTHETIC_HISTORY_029;SYNTHETIC_VEHICLE_001;2024-01-04 12:00:00;2000;1100;420
SYNTHETIC_HISTORY_030;SYNTHETIC_VEHICLE_001;2024-01-05 12:00:00;2000;1200;480
SYNTHETIC_HISTORY_031;SYNTHETIC_VEHICLE_001;2024-01-06 12:00:00;2000;800;240
SYNTHETIC_HISTORY_032;SYNTHETIC_VEHICLE_001;2024-01-07 12:00:00;2000;900;300
SYNTHETIC_HISTORY_033;SYNTHETIC_VEHICLE_001;2024-01-08 12:00:00;2000;1000;360
SYNTHETIC_HISTORY_034;SYNTHETIC_VEHICLE_001;2024-01-09 12:00:00;2000;1100;420
SYNTHETIC_HISTORY_035;SYNTHETIC_VEHICLE_001;2024-01-10 12:00:00;2000;1200;480
SYNTHETIC_HISTORY_036;SYNTHETIC_VEHICLE_001;2024-01-11 12:00:00;2000;800;240
SYNTHETIC_HISTORY_037;SYNTHETIC_VEHICLE_001;2024-01-12 12:00:00;2000;900;300
SYNTHETIC_HISTORY_038;SYNTHETIC_VEHICLE_001;2024-01-13 12:00:00;2000;1000;360
SYNTHETIC_HISTORY_039;SYNTHETIC_VEHICLE_001;2024-01-14 12:00:00;2000;1100;420
SYNTHETIC_HISTORY_040;SYNTHETIC_VEHICLE_001;2024-01-15 12:00:00;2000;1200;480
SYNTHETIC_HISTORY_041;SYNTHETIC_VEHICLE_001;2024-01-16 12:00:00;2000;800;240
SYNTHETIC_HISTORY_042;SYNTHETIC_VEHICLE_001;2024-01-17 12:00:00;2000;900;300
SYNTHETIC_HISTORY_043;SYNTHETIC_VEHICLE_001;2024-01-18 12:00:00;2000;1000;360
SYNTHETIC_HISTORY_044;SYNTHETIC_VEHICLE_001;2024-01-19 12:00:00;2000;1100;420
SYNTHETIC_HISTORY_045;SYNTHETIC_VEHICLE_001;2024-01-20 12:00:00;2000;1200;480
SYNTHETIC_HISTORY_046;SYNTHETIC_VEHICLE_001;2024-01-21 12:00:00;2000;800;240
SYNTHETIC_HISTORY_047;SYNTHETIC_VEHICLE_001;2024-01-22 12:00:00;2000;900;300
SYNTHETIC_HISTORY_048;SYNTHETIC_VEHICLE_001;2024-01-23 12:00:00;2000;1000;360
SYNTHETIC_HISTORY_049;SYNTHETIC_VEHICLE_001;2024-01-24 12:00:00;2000;1100;420
SYNTHETIC_HISTORY_050;SYNTHETIC_VEHICLE_001;2024-01-25 12:00:00;2000;1200;480
SYNTHETIC_HISTORY_051;SYNTHETIC_VEHICLE_001;2025-01-01 12:00:00;2000;800;240
SYNTHETIC_HISTORY_052;SYNTHETIC_VEHICLE_001;2025-01-02 12:00:00;2000;900;300
SYNTHETIC_HISTORY_053;SYNTHETIC_VEHICLE_001;2025-01-03 12:00:00;2000;1000;360
SYNTHETIC_HISTORY_054;SYNTHETIC_VEHICLE_001;2025-01-04 12:00:00;2000;1100;420
SYNTHETIC_HISTORY_055;SYNTHETIC_VEHICLE_001;2025-01-05 12:00:00;2000;1200;480
SYNTHETIC_HISTORY_056;SYNTHETIC_VEHICLE_001;2025-01-06 12:00:00;2000;800;240
SYNTHETIC_HISTORY_057;SYNTHETIC_VEHICLE_001;2025-01-07 12:00:00;2000;900;300
SYNTHETIC_HISTORY_058;SYNTHETIC_VEHICLE_001;2025-01-08 12:00:00;2000;1000;360
SYNTHETIC_HISTORY_059;SYNTHETIC_VEHICLE_001;2025-01-09 12:00:00;2000;1100;420
SYNTHETIC_HISTORY_060;SYNTHETIC_VEHICLE_001;2025-01-10 12:00:00;2000;1200;480
SYNTHETIC_HISTORY_061;SYNTHETIC_VEHICLE_001;2025-01-11 12:00:00;2000;800;240
SYNTHETIC_HISTORY_062;SYNTHETIC_VEHICLE_001;2025-01-12 12:00:00;2000;900;300
SYNTHETIC_HISTORY_063;SYNTHETIC_VEHICLE_001;2025-01-13 12:00:00;2000;1000;360
SYNTHETIC_HISTORY_064;SYNTHETIC_VEHICLE_001;2025-01-14 12:00:00;2000;1100;420
SYNTHETIC_HISTORY_065;SYNTHETIC_VEHICLE_001;2025-01-15 12:00:00;2000;1200;480
SYNTHETIC_HISTORY_066;SYNTHETIC_VEHICLE_001;2025-01-16 12:00:00;2000;800;240
SYNTHETIC_HISTORY_067;SYNTHETIC_VEHICLE_001;2025-01-17 12:00:00;2000;900;300
SYNTHETIC_HISTORY_068;SYNTHETIC_VEHICLE_001;2025-01-18 12:00:00;2000;1000;360
SYNTHETIC_HISTORY_069;SYNTHETIC_VEHICLE_001;2025-01-19 12:00:00;2000;1100;420
SYNTHETIC_HISTORY_070;SYNTHETIC_VEHICLE_001;2025-01-20 12:00:00;2000;1200;480
SYNTHETIC_HISTORY_071;SYNTHETIC_VEHICLE_001;2025-01-21 12:00:00;2000;800;240
SYNTHETIC_HISTORY_072;SYNTHETIC_VEHICLE_001;2025-01-22 12:00:00;2000;900;300
SYNTHETIC_HISTORY_073;SYNTHETIC_VEHICLE_001;2025-01-23 12:00:00;2000;1000;360
SYNTHETIC_HISTORY_074;SYNTHETIC_VEHICLE_001;2025-01-24 12:00:00;2000;1100;420
SYNTHETIC_HISTORY_075;SYNTHETIC_VEHICLE_001;2025-01-25 12:00:00;2000;1200;480
SYNTHETIC_HISTORY_076;SYNTHETIC_VEHICLE_001;2025-01-01 12:00:00;2000;800;240
SYNTHETIC_HISTORY_077;SYNTHETIC_VEHICLE_001;2025-01-02 12:00:00;2000;900;300
SYNTHETIC_HISTORY_078;SYNTHETIC_VEHICLE_001;2025-01-03 12:00:00;2000;1000;360
SYNTHETIC_HISTORY_079;SYNTHETIC_VEHICLE_001;2025-01-04 12:00:00;2000;1100;420
SYNTHETIC_HISTORY_080;SYNTHETIC_VEHICLE_001;2025-01-05 12:00:00;2000;1200;480
SYNTHETIC_HISTORY_081;SYNTHETIC_VEHICLE_001;2025-01-06 12:00:00;2000;800;240
SYNTHETIC_HISTORY_082;SYNTHETIC_VEHICLE_001;2025-01-07 12:00:00;2000;900;300
SYNTHETIC_HISTORY_083;SYNTHETIC_VEHICLE_001;2025-01-08 12:00:00;2000;1000;360
SYNTHETIC_HISTORY_084;SYNTHETIC_VEHICLE_001;2025-01-09 12:00:00;2000;1100;420
SYNTHETIC_HISTORY_085;SYNTHETIC_VEHICLE_001;2025-01-10 12:00:00;2000;1200;480
SYNTHETIC_HISTORY_086;SYNTHETIC_VEHICLE_001;2025-01-11 12:00:00;2000;800;240
SYNTHETIC_HISTORY_087;SYNTHETIC_VEHICLE_001;2025-01-12 12:00:00;2000;900;300
SYNTHETIC_HISTORY_088;SYNTHETIC_VEHICLE_001;2025-01-13 12:00:00;2000;1000;360
SYNTHETIC_HISTORY_089;SYNTHETIC_VEHICLE_001;2025-01-14 12:00:00;2000;1100;420
SYNTHETIC_HISTORY_090;SYNTHETIC_VEHICLE_001;2025-01-15 12:00:00;2000;1200;480
SYNTHETIC_HISTORY_091;SYNTHETIC_VEHICLE_001;2025-01-16 12:00:00;2000;800;240
SYNTHETIC_HISTORY_092;SYNTHETIC_VEHICLE_001;2025-01-17 12:00:00;2000;900;300
SYNTHETIC_HISTORY_093;SYNTHETIC_VEHICLE_001;2025-01-18 12:00:00;2000;1000;360
SYNTHETIC_HISTORY_094;SYNTHETIC_VEHICLE_001;2025-01-19 12:00:00;2000;1100;420
SYNTHETIC_HISTORY_095;SYNTHETIC_VEHICLE_001;2025-01-20 12:00:00;2000;1200;480
SYNTHETIC_HISTORY_096;SYNTHETIC_VEHICLE_001;2025-01-21 12:00:00;2000;800;240
SYNTHETIC_HISTORY_097;SYNTHETIC_VEHICLE_001;2025-01-22 12:00:00;2000;900;300
SYNTHETIC_HISTORY_098;SYNTHETIC_VEHICLE_001;2025-01-23 12:00:00;2000;1000;360
SYNTHETIC_HISTORY_099;SYNTHETIC_VEHICLE_001;2025-01-24 12:00:00;2000;1100;420
SYNTHETIC_HISTORY_100;SYNTHETIC_VEHICLE_001;2025-01-25 12:00:00;2000;1200;480
SYNTHETIC_TRIP_NORMAL;SYNTHETIC_VEHICLE_001;2026-01-01 12:00:00;2000;1000;360
SYNTHETIC_TRIP_REVIEW;SYNTHETIC_VEHICLE_001;2026-01-01 12:00:00;2000;4000;1200
SYNTHETIC_TRIP_UNKNOWN;SYNTHETIC_VEHICLE_999;2026-01-01 12:00:00;2000;1000;360
